text,emotion
I lost my dog last week and I miss him so much,sad
I just failed my driving test and feel awful,sad
My grandmother passed away and I cry every night,sad
I feel so lonely and heartbroken since the breakup,sad
Everything feels hopeless and I am very down today,sad
I got fired today and I feel devastated,sad
I miss my old friends so much it hurts,sad
It was a depressing and gloomy day and I felt empty,sad
I just got promoted at work and I am thrilled,happy
I am so happy today everything went great,happy
We won the match and I am overjoyed,happy
My best friend visited and we had a wonderful time,happy
I passed my exam and I feel fantastic,happy
What a lovely day I am delighted and smiling,happy
I got the job and I am so excited and glad,happy
Life is beautiful and I feel joyful and grateful,happy
This customer service is terrible and I am fuming,angry
Traffic today made me so mad I wanted to scream,angry
I am furious that they lied to me again,angry
He broke my phone on purpose and I am livid,angry
I hate how rude my neighbor is it makes me so angry,angry
They cancelled my order again this is outrageous,angry
I am sick of being ignored and I am really irritated,angry
How dare they treat me like this I am enraged,angry
I have a huge job interview tomorrow and I am terrified,fearful
I heard a strange noise at night and I am scared,fearful
I am so nervous about the surgery and afraid of the results,fearful
I am worried something bad will happen to my family,fearful
Walking alone in the dark alley frightened me,fearful
I am anxious and panicking about my exam tomorrow,fearful
The thunder was so loud I was trembling with fear,fearful
I dread going to the dentist I am really afraid,fearful
I can't believe they threw me a surprise party,surprised
Wow I never expected to win the lottery,surprised
My best friend surprised me at the airport I was shocked,surprised
I was stunned when he suddenly proposed to me,surprised
I did not see that coming what a shock,surprised
Unbelievable I just met my childhood hero by accident,surprised
I was amazed when the whole team appeared unexpectedly,surprised
Oh my gosh I had no idea this was happening,surprised
That food smelled rotten and I felt disgusted,disgusted
The bathroom was filthy and it made me sick,disgusted
I saw a cockroach in my soup it was gross,disgusted
The smell of that spoiled milk is revolting,disgusted
His behavior was repulsive and I felt nauseated,disgusted
Eww the kitchen was dirty and disgusting,disgusted
I found mold on my bread and felt nauseous,disgusted
That horrible sight of rotting garbage made me gag,disgusted
I like him and it makes me feel happy,happy
I have a crush on him and I feel excited,happy
I like him and I feel nervous,fearful
I like him and it makes me feel shy and happy,happy
I think I love him and I am smiling,happy
I like him but I am scared to tell him,fearful
I have feelings for him and I am really happy,happy
I am falling for him and it feels amazing,happy
I like him and I feel hopeful,happy
I love him and it makes me feel warm inside,happy
I like him but I am afraid of rejection,fearful
He likes me and I feel surprised,surprised
I like him more than I expected,happy
I think I am falling in love with him,happy
I feel drawn to him and it scares me,fearful
I like him a lot and I feel delighted,happy
I am obsessed with him and I feel happy,happy
I like him but I feel shy,happy
The meeting is scheduled for 3pm tomorrow,neutral
The store opens at nine and closes at six,neutral
Please send me the report by Friday,neutral
The train to the city leaves from platform two,neutral
I need to buy milk and bread from the market,neutral
The office is on the third floor of the building,neutral
There is a class on Monday at ten in the morning,neutral
The package was delivered to the front desk,neutral
